"0","set.seed(12345)"
"0","## Data set 1"
"0","n <- 200"
"0","p <- 400"
"0","X1 <- matrix(rnorm(n*p),n,p)"
"0","beta0 <- matrix(rnorm(p),p,1)"
"0","y1 <- (runif(n) <= plogis(X1%*%beta0)) + 0"
"0","## Data set 2"
"0","p <- 800"
"0","X2 <- matrix(rnorm(n*p),n,p)"
"0","beta0 <- matrix(rnorm(p),p,1)"
"0","y2 <- (runif(n) <= plogis(X2%*%beta0)) + 0"
"0","## Data set 3"
"0","p <- 1600"
"0","X3 <- matrix(rnorm(n*p),n,p)"
"0","beta0 <- matrix(rnorm(p),p,1)"
"0","y3 <- (runif(n) <= plogis(X3%*%beta0)) + 0"
"0","time1=rep(1,3);"
"0","time1[1]=system.time(logistic_ridge_newton(X1,y1,rep(1,400),lambda=10))[3]"
"0","time1[2]=system.time(logistic_ridge_newton(X2,y2,rep(1,800),lambda=10))[3]"
"0","time1[3]=system.time(logistic_ridge_newton(X3,y3,rep(1,1600),lambda=10))[3]"
"0","time2=rep(1,3);"
"0","time2[1]=system.time(logistic_ridge_newton(X1,y1,rep(1,400),lambda=10,naive=FALSE))[3]"
"0","time2[2]=system.time(logistic_ridge_newton(X2,y2,rep(1,800),lambda=10,naive=FALSE))[3]"
"0","time2[3]=system.time(logistic_ridge_newton(X3,y3,rep(1,1600),lambda=10,naive=FALSE))[3]"
"0","p=c(40,80,160,40,80,160)"
"0","time=c(time1,time2);"
"0","plot(p,time)"
