{"chunk_definitions":[{"chunk_id":"ccto8jzjc8vmr","chunk_label":"unnamed-chunk-2","document_id":"9DF438DE","expansion_state":0,"options":{"echo":true,"engine":"r","label":"unnamed-chunk-1"},"row":125,"row_count":1,"visible":true},{"chunk_id":"c95f7hn3qsf0u","chunk_label":"unnamed-chunk-3","document_id":"9DF438DE","expansion_state":0,"options":{"echo":true,"engine":"r","label":"unnamed-chunk-2"},"row":132,"row_count":1,"visible":true},{"chunk_id":"cnzglq93omiyp","chunk_label":"unnamed-chunk-5","document_id":"9DF438DE","expansion_state":0,"options":{"echo":true,"engine":"r","label":"unnamed-chunk-1"},"row":171,"row_count":1,"visible":true},{"chunk_id":"cyngwugxkdfcz","chunk_label":"unnamed-chunk-7","document_id":"9DF438DE","expansion_state":0,"options":{"echo":true,"engine":"r","label":"unnamed-chunk-2"},"row":206,"row_count":1,"visible":true},{"chunk_id":"c6jm3nihaavi3","chunk_label":"unnamed-chunk-8","document_id":"9DF438DE","expansion_state":0,"options":{"echo":true,"engine":"r","label":"unnamed-chunk-4"},"row":244,"row_count":1,"visible":true}],"chunk_rendered_width":634,"doc_write_time":1488149228}