"0","library(tseries)"
"0","con <- url(""http://quote.yahoo.com"")"
"0","if(!inherits(try(open(con), silent = TRUE), ""try-error"")) {"
"0","  close(con)"
"0","  y<- get.hist.quote(instrument = ""AAPL"", start = ""2015-03-20"","
"0","                      quote = ""Close"")"
"0","  "
"0","}"
"2","trying URL 'http://chart.yahoo.com/table.csv?s=AAPL&a=2&b=20&c=2015&d=3&e=13&f=2017&g=d&q=q&y=0&z=AAPL&x=.csv'
"
"2","Content type 'text/csv'"
"2"," length unknown
"
"2","downloaded 36 KB

"
"0","library(wzhou11ST790)"
"0","y1=y[1:100]"
"0","cd12=trend_filter_cd(y1,2,rep(1,100-2),lambda=1)"
"0","cd32=trend_filter_cd(y1,2,rep(1,100-2),lambda=3)"
"0","cd13=trend_filter_cd(y1,3,rep(1,100-3),lambda=1)"
"0","cd33=trend_filter_cd(y1,3,rep(1,100-3),lambda=3)"
"0","plot(y1);"
